{
  "waila": {
    "show_blocks": true,
    "show_fluids": false,
    "show_entities": true,
    "show_icon": true,
    "icon_position": "MIDDLE",
    "show_mod_name": true,
    "show_item_mod_name": true,
    "show_registry": false
  },
  "minecraft": {
    "block.position": false,
    "block.state": false,
    "entity.item_entity": true,
    "entity.position": false,
    "entity.health": true,
    "entity.absorption": true,
    "entity.armor": true,
    "entity.compact": false,
    "entity.icon_per_line": 25,
    "entity.long_health_max": 100,
    "entity.long_armor_max": 100,
    "pet.owner": true,
    "pet.hide_unknown_owner": false,
    "horse.jump_height": true,
    "horse.speed": true,
    "panda.genes": true,
    "effect.beacon": true,
    "effect.mob": true,
    "effect.hidden_mob": false,
    "jukebox.record": true,
    "timer.grow": true,
    "timer.breed": true,
    "override.invisible_entity": true,
    "override.trapped_chest": true,
    "override.powder_snow": true,
    "override.infested": true,
    "override.vehicle": true,
    "breaking_progress.enabled": true,
    "breaking_progress.color": -1426063361,
    "breaking_progress.bottom_only": false,
    "spawner.type": true,
    "plant.crop_progress": true,
    "plant.crop_growable": true,
    "plant.tree_growable": true,
    "redstone.lever": true,
    "redstone.repeater": true,
    "redstone.comparator": true,
    "redstone.level": true,
    "player_head.name": true,
    "level.composter": true,
    "level.honey": true,
    "note_block.type": true,
    "note_block.note": "SHARP",
    "note_block.int_value": false,
    "book.enchantment": "CYCLE",
    "book.enchantment_cycle_timing": 500,
    "book.written": true
  },
  "harvest": {
    "enabled": true,
    "display_mode": "MODERN"
  },
  "test": {
    "enabled": true,
    "bool": true,
    "int": 69,
    "double": 42.0,
    "string": "\u003cempty\u003e",
    "enum": "HEAD",
    "int_octal": 4178,
    "int_binary": 10,
    "int_hex": 2762,
    "sync_bool": true,
    "sync_int": 69,
    "sync_double": 42.0,
    "sync_string": "\u003cempty\u003e",
    "sync_enum": "HEAD",
    "override_mod_name": false,
    "event.handle_tooltip": false,
    "event.before_render": false,
    "event.after_render": false,
    "event.item_mod_name": false,
    "custom_icon.enabled": true,
    "offset.enabled": true,
    "error.enabled": false,
    "hit_result.enabled": false,
    "grow": false,
    "data.nbt": false,
    "data.complex": false,
    "data.complex.block": false,
    "data.complex.multiple_addition": false,
    "long.enabled": false,
    "long.width": 200,
    "energy": false,
    "energy.inf_stored": false,
    "energy.inf_capacity": false,
    "fluid": false,
    "data.ctx": false,
    "data.ctx.raw": false,
    "data.ctx.typed": false,
    "redirect.target": "NONE"
  },
  "securitycraft": {
    "showowner": true,
    "showmodules": true,
    "showpasswords": true,
    "showcustomname": true
  },
  "wailax": {
    "energy.enabled_block": true,
    "energy.enabled_entity": true,
    "fluid.enabled_block": true,
    "fluid.enabled_entity": true,
    "fluid.display_unit": "MILLIBUCKETS",
    "progress.enabled_block": true,
    "progress.enabled_entity": true,
    "item.enabled_block": true,
    "item.enabled_entity": true,
    "item.nbt": true,
    "item.display_mode": "DYNAMIC",
    "item.max_height": 3,
    "item.sort_by_count": true
  }
}